U_TIME,HUMAN_TIME,MESSAGE,STAGE
1689596897594706000,13:28:17.594715,Heartbeat,STAGE TEST
1689596907596066000,13:28:27.596253,Heartbeat,STAGE TEST
1689596917598258000,13:28:37.599300,Heartbeat,STAGE TEST
1689596927600832000,13:28:47.601159,Heartbeat,STAGE TEST
1689596937602513000,13:28:57.602677,Heartbeat,STAGE TEST
1689596947604933000,13:29:07.605938,Heartbeat,STAGE TEST
1689596957606530000,13:29:17.606745,Heartbeat,STAGE TEST
1689596967607995000,13:29:27.608063,Heartbeat,STAGE TEST
1689596977609752000,13:29:37.610715,Heartbeat,STAGE TEST
1689596987612147000,13:29:47.612386,Heartbeat,STAGE TEST
1689596997613759000,13:29:57.613926,Heartbeat,STAGE TEST
1689597007615252000,13:30:07.615417,Heartbeat,STAGE TEST
1689597017616801000,13:30:17.616984,Heartbeat,STAGE TEST
1689597027618435000,13:30:27.618790,Heartbeat,STAGE TEST
1689597037620081000,13:30:37.620544,Heartbeat,STAGE TEST
1689597047622576000,13:30:47.623397,Heartbeat,STAGE TEST
1689597057624575000,13:30:57.624761,Heartbeat,STAGE TEST
1689597067626155000,13:31:07.626338,Heartbeat,STAGE TEST
1689597077627596000,13:31:17.627729,Heartbeat,STAGE TEST
1689597087628256000,13:31:27.628381,Heartbeat,STAGE TEST
1689597097629026000,13:31:37.629142,Heartbeat,STAGE TEST
1689597107630720000,13:31:47.631071,Heartbeat,STAGE TEST
1689597117632449000,13:31:57.632634,Heartbeat,STAGE TEST
1689597127633384000,13:32:07.633548,Heartbeat,STAGE TEST
1689597137634854000,13:32:17.634949,Heartbeat,STAGE TEST
1689597147636332000,13:32:27.636513,Heartbeat,STAGE TEST
1689597157637806000,13:32:37.637993,Heartbeat,STAGE TEST
1689597167639287000,13:32:47.639623,Heartbeat,STAGE TEST
1689597177640800000,13:32:57.640886,Heartbeat,STAGE TEST
1689597187642866000,13:33:07.643769,Heartbeat,STAGE TEST
1689597197645127000,13:33:17.645502,Heartbeat,STAGE TEST
1689597207646899000,13:33:27.647179,Heartbeat,STAGE TEST
1689597217648360000,13:33:37.648461,Heartbeat,STAGE TEST
1689597227650886000,13:33:47.651968,Heartbeat,STAGE TEST
1689597237653168000,13:33:57.653419,Heartbeat,STAGE TEST
1689597247655748000,13:34:07.656500,Heartbeat,STAGE TEST
1689597257658050000,13:34:17.658665,Heartbeat,STAGE TEST
1689597267659905000,13:34:27.660123,Heartbeat,STAGE TEST
1689597277660665000,13:34:37.660882,Heartbeat,STAGE TEST
1689597287662387000,13:34:47.662721,Heartbeat,STAGE TEST
1689597297663651000,13:34:57.663824,Heartbeat,STAGE TEST
1689597307665037000,13:35:07.665168,Heartbeat,STAGE TEST
1689597317666580000,13:35:17.666743,Heartbeat,STAGE TEST
1689597327668150000,13:35:27.668334,Heartbeat,STAGE TEST
1689597337669825000,13:35:37.670205,Heartbeat,STAGE TEST
1689597347671651000,13:35:47.671882,Heartbeat,STAGE TEST
1689597357672490000,13:35:57.672647,Heartbeat,STAGE TEST
1689597367674061000,13:36:07.674210,Heartbeat,STAGE TEST
1689597377675217000,13:36:17.675378,Heartbeat,STAGE TEST
1689597387676783000,13:36:27.676972,Heartbeat,STAGE TEST
1689597397678311000,13:36:37.678526,Heartbeat,STAGE TEST
1689597407679690000,13:36:47.679799,Heartbeat,STAGE TEST
1689597417681227000,13:36:57.681424,Heartbeat,STAGE TEST
1689597427682767000,13:37:07.682954,Heartbeat,STAGE TEST
1689597437684257000,13:37:17.684448,Heartbeat,STAGE TEST
1689597447685818000,13:37:27.685983,Heartbeat,STAGE TEST
1689597457687357000,13:37:37.687511,Heartbeat,STAGE TEST
1689597467688828000,13:37:47.689150,Heartbeat,STAGE TEST
1689597477690078000,13:37:57.690322,Heartbeat,STAGE TEST
1689597487691672000,13:38:07.691859,Heartbeat,STAGE TEST
1689597497693150000,13:38:17.693317,Heartbeat,STAGE TEST
1689597507694633000,13:38:27.694815,Heartbeat,STAGE TEST
1689597517696249000,13:38:37.696436,Heartbeat,STAGE TEST
1689597527697153000,13:38:47.697539,Heartbeat,STAGE TEST
1689597537698932000,13:38:57.699088,Heartbeat,STAGE TEST
1689597547700441000,13:39:07.700547,Heartbeat,STAGE TEST
1689597557702006000,13:39:17.702218,Heartbeat,STAGE TEST
1689597567703684000,13:39:27.703984,Heartbeat,STAGE TEST
1689597577705265000,13:39:37.705446,Heartbeat,STAGE TEST
1689597587706911000,13:39:47.707104,Heartbeat,STAGE TEST
1689597597708443000,13:39:57.708598,Heartbeat,STAGE TEST
1689597607709876000,13:40:07.710074,Heartbeat,STAGE TEST
1689597617711447000,13:40:17.711552,Heartbeat,STAGE TEST
1689597627712902000,13:40:27.713067,Heartbeat,STAGE TEST
1689597637714353000,13:40:37.714513,Heartbeat,STAGE TEST
1689597647716051000,13:40:47.716400,Heartbeat,STAGE TEST
1689597657717656000,13:40:57.717758,Heartbeat,STAGE TEST
1689597667719365000,13:41:07.719778,Heartbeat,STAGE TEST
1689597677720874000,13:41:17.720952,Heartbeat,STAGE TEST
1689597687721864000,13:41:27.722085,Heartbeat,STAGE TEST
