ID,LETTER,IP,PORT
db524120d29366a9,A,158.223.47.228,8080
fee52b69133e86b5,B,192.168.0.198,8080
9e19904e5d3dbe47,C,192.168.0.240,8080
8a588fc20226b6eb,D,192.168.0.7,8080
d2e274ad1d3e5f44,E,192.168.0.13,8080
fea53d24b228e594,F,192.168.0.201,8080
a3f093c8b619652c,G,192.168.0.190,8080
8a2cd9e35cb 3380e,H,192.168.0.80,8080
b1a314bdb4d42af6,I,192.168.0.253,8080
eb40567a8cf6adbc,J,192.168.0.106,8080
47f237e201c17001,K,192.168.0.232,8080
01f40bfa7ceab5a3,L,192.168.0.177,8080
34460a228c8cb408,M,192.168.0.239,8080
3fc47fad567863b5,N,192.168.0.9,8080
0f4edb81552a175a,O,192.168.0.233,8080
96fcfc3401bddd61,P,192.168.0.202,8080
fbdc4616c61f346b,Q,192.168.0.103,8080
b5ad49d0f75ed018,R,192.168.0.153,8080
8082001060c066c5,S,192.168.0.179,8080
daf42b4ef93365a3,T,192.168.0.206,8080
878eb7c8c10e5428,U,192.168.0.144,8080
09f50ae2e599b293,V,192.168.0.54,8080
78e72c26f6b823b0,W,192.168.0.8,8080
